detector,bin,background,glitch,signal,blip
H1,2019-05-01 00:00:00,0,1079,0,0
H1,2019-05-01 06:00:00,0,384,0,0
H1,2019-05-01 12:00:00,0,80,0,0
H1,2019-05-01 18:00:00,0,223,0,0
H1,2019-05-02 00:00:00,0,304,0,0
H1,2019-05-02 06:00:00,929,14,174,172
H1,2019-05-02 12:00:00,802,19,147,171
H1,2019-05-02 18:00:00,283,80,55,49
H1,2019-05-03 00:00:00,746,114,156,121
H1,2019-05-03 06:00:00,0,115,0,0
H1,2019-05-03 12:00:00,355,69,65,56
H1,2019-05-03 18:00:00,987,93,205,181
H1,2019-05-04 00:00:00,1045,60,191,186
H1,2019-05-04 06:00:00,1,72,0,0
H1,2019-05-05 00:00:00,262,0,60,59
H1,2019-05-05 06:00:00,689,36,114,134
H1,2019-05-05 12:00:00,2007,108,358,395
H1,2019-05-05 18:00:00,2471,68,475,476
L1,2019-05-01 00:00:00,495,31,142,163
L1,2019-05-01 06:00:00,417,15,120,132
L1,2019-05-01 12:00:00,431,94,139,131
L1,2019-05-01 18:00:00,39,2,17,6
L1,2019-05-02 00:00:00,343,19,102,101
L1,2019-05-02 06:00:00,289,21,84,75
L1,2019-05-02 12:00:00,225,36,66,67
L1,2019-05-02 18:00:00,144,7,36,31
L1,2019-05-03 00:00:00,394,28,124,116
L1,2019-05-03 06:00:00,432,38,126,132
L1,2019-05-03 12:00:00,383,83,128,125
L1,2019-05-03 18:00:00,322,69,95,87
L1,2019-05-04 00:00:00,454,31,140,155
L1,2019-05-04 06:00:00,467,36,131,165
L1,2019-05-05 00:00:00,69,0,14,25
L1,2019-05-05 06:00:00,196,12,73,73
L1,2019-05-05 12:00:00,742,21,231,211
L1,2019-05-05 18:00:00,675,29,232,205
