utc_start,utc_end,gps_start,gps_end,H1_background,H1_glitch,H1_signal,H1_blip,L1_background,L1_glitch,L1_signal,L1_blip,background,glitch,signal,blip,all
2019-05-05 18:00:00,2019-05-06 00:00:00,1241114418.0,1241136018.0,2471,68,475,476,675,29,232,205,3146,97,707,681,4631
2019-05-05 11:30:00,2019-05-05 17:30:00,1241091018.0,1241112618.0,2127,84,375,408,720,20,230,214,2847,104,605,622,4178
2019-05-03 21:30:00,2019-05-04 03:30:00,1240954218.0,1240975818.0,1472,75,280,256,462,41,134,149,1934,116,414,405,2869
2019-05-01 02:00:00,2019-05-01 08:00:00,1240711218.0,1240732818.0,0,1400,0,0,560,33,167,195,560,1433,167,195,2355
2019-05-02 22:30:00,2019-05-03 04:30:00,1240871418.0,1240893018.0,1027,183,210,169,460,29,137,132,1487,212,347,301,2347
2019-05-02 08:30:00,2019-05-02 14:30:00,1240821018.0,1240842618.0,1115,18,208,214,355,33,109,89,1470,51,317,303,2141
2019-05-05 05:30:00,2019-05-05 11:30:00,1241069418.0,1241091018.0,704,34,134,146,199,10,64,69,903,44,198,215,1360
2019-05-03 13:00:00,2019-05-03 19:00:00,1240923618.0,1240945218.0,417,89,80,68,374,88,119,121,791,177,199,189,1356
2019-05-04 03:30:00,2019-05-04 09:30:00,1240975818.0,1240997418.0,295,58,58,52,452,26,142,158,747,84,200,210,1241
2019-05-02 14:30:00,2019-05-02 20:30:00,1240842618.0,1240864218.0,618,11,114,130,126,23,29,42,744,34,143,172,1093
